<?xml version="1.0" encoding="utf-8"?>
<DefaultGEProperties><OneGEProPerties ObjType="3" PartType="0"><PLCProperties Pripority="" Description=""><InPutData Pripority="1" AddrType="254" AddrTypeName="LB" CodeType="0" WordNum="1" PLCAddr="0" MaskValType="0" bUseAddrTag="0" PLCID="65534"/><OutPutData Pripority="1" AddrType="0" AddrTypeName="CIO_IR_bit" CodeType="0" WordNum="1" PLCAddr="22.00" MaskValType="0" bUseAddrTag="0" PLCID="65534"/></PLCProperties><ShapeProperties bUseVG="0" VGName="" BUseBG="1" BGName="button1-12.bg"/></OneGEProPerties><OneGEProPerties ObjType="3" PartType="2"><PLCProperties Pripority="" Description=""><InPutData Pripority="1" AddrType="0" AddrTypeName="CIO_IR_bit" CodeType="0" WordNum="1" PLCAddr="23.00" MaskValType="0" bUseAddrTag="0" PLCID="65534"/><OutPutData Pripority="1" AddrType="0" AddrTypeName="CIO_IR_bit" CodeType="0" WordNum="1" PLCAddr="23.00" MaskValType="0" bUseAddrTag="0" PLCID="65534"/></PLCProperties><ShapeProperties bUseVG="0" VGName="" BUseBG="1" BGName="button1-10.bg"/></OneGEProPerties><OneGEProPerties ObjType="3" PartType="1"><PLCProperties Pripority="" Description=""><InPutData Pripority="1" AddrType="0" AddrTypeName="CIO_IR_bit" CodeType="0" WordNum="1" PLCAddr="10.02" MaskValType="0" bUseAddrTag="0" PLCID="65534"/><OutPutData Pripority="1" AddrType="254" AddrTypeName="LB" CodeType="0" WordNum="1" PLCAddr="0" MaskValType="0" bUseAddrTag="0" PLCID="65534"/></PLCProperties><ShapeProperties bUseVG="0" VGName="" BUseBG="1" BGName="lamp-01.bg"/></OneGEProPerties><OneGEProPerties ObjType="4" PartType="1"><ShapeProperties bUseVG="0" VGName="" BUseBG="1" BGName="button1-02.bg"/></OneGEProPerties><OneGEProPerties ObjType="3" PartType="18"><PLCProperties Pripority="" Description=""><InPutData Pripority="1" AddrType="10" AddrTypeName="CIO_IR_word" CodeType="0" WordNum="1" PLCAddr="0" MaskValType="2" bUseAddrTag="0" PLCID="65534"/><OutPutData Pripority="1" AddrType="255" AddrTypeName="LW" CodeType="0" WordNum="1" PLCAddr="0" MaskValType="2" bUseAddrTag="0" PLCID="65534"/></PLCProperties><ShapeProperties bUseVG="1" VGName="DISP_BAR005.vg" BUseBG="0" BGName=""/></OneGEProPerties></DefaultGEProperties>
